[
  {
    "id": "d95cdb9b-dc89-4833-8432-a9e6db63794b",
    "data": [
      {
        "text": "tv besar",
        "userDefined": false
      }
    ],
    "isTemplate": false,
    "count": 0,
    "lang": "id",
    "updated": 0
  },
  {
    "id": "6624db6c-0cbb-40f1-9b9c-4f9143d5b2c4",
    "data": [
      {
        "text": "tv besar aja ",
        "userDefined": false
      },
      {
        "text": "kak",
        "meta": "@sys.person",
        "alias": "person",
        "userDefined": false
      }
    ],
    "isTemplate": false,
    "count": 0,
    "lang": "id",
    "updated": 0
  }
]