[
  {
    "id": "90ad716b-3b18-4fea-8b99-3a31ae28d5ed",
    "data": [
      {
        "text": "salom",
        "meta": "@sys.last-name",
        "alias": "last-name",
        "userDefined": false
      }
    ],
    "isTemplate": false,
    "count": 0,
    "lang": "id",
    "updated": 0
  },
  {
    "id": "b61acdce-0de3-4160-b01d-2c864c89d8c9",
    "data": [
      {
        "text": "halo kak",
        "userDefined": false
      }
    ],
    "isTemplate": false,
    "count": 0,
    "lang": "id",
    "updated": 0
  },
  {
    "id": "4fcd4b70-26b4-4bca-afb2-1da54a5ff37e",
    "data": [
      {
        "text": "halo yang di sana",
        "userDefined": false
      }
    ],
    "isTemplate": false,
    "count": 0,
    "lang": "id",
    "updated": 0
  },
  {
    "id": "60e3a2f4-87f1-4db2-b20f-157c1b8658b5",
    "data": [
      {
        "text": "halo",
        "userDefined": false
      }
    ],
    "isTemplate": false,
    "count": 0,
    "lang": "id",
    "updated": 0
  },
  {
    "id": "0ada7cc4-118a-4e2b-a8f8-8d60e9809284",
    "data": [
      {
        "text": "hai",
        "userDefined": false
      }
    ],
    "isTemplate": false,
    "count": 0,
    "lang": "id",
    "updated": 0
  },
  {
    "id": "fcb59286-a2cd-4bab-b56b-432206df5b68",
    "data": [
      {
        "text": "salam",
        "userDefined": false
      }
    ],
    "isTemplate": false,
    "count": 0,
    "lang": "id",
    "updated": 0
  },
  {
    "id": "dee38589-d0a6-421a-af54-7bb7a87c45de",
    "data": [
      {
        "text": "halo halo",
        "userDefined": false
      }
    ],
    "isTemplate": false,
    "count": 0,
    "lang": "id",
    "updated": 0
  },
  {
    "id": "a00ae540-6e91-4fdc-be02-1e4036497e6e",
    "data": [
      {
        "text": "lama nggak ketemu",
        "userDefined": false
      }
    ],
    "isTemplate": false,
    "count": 0,
    "lang": "id",
    "updated": 0
  },
  {
    "id": "f9878aec-7992-4c37-aea1-558731fdc48a",
    "data": [
      {
        "text": "hai hai",
        "userDefined": false
      }
    ],
    "isTemplate": false,
    "count": 0,
    "lang": "id",
    "updated": 0
  },
  {
    "id": "d3951ebc-506a-4146-836d-a596aff94657",
    "data": [
      {
        "text": "halo apa kabar",
        "userDefined": false
      }
    ],
    "isTemplate": false,
    "count": 0,
    "lang": "id",
    "updated": 0
  },
  {
    "id": "0f6ddffa-70df-4a72-a174-06495323188e",
    "data": [
      {
        "text": "assalamualaikum",
        "userDefined": false
      }
    ],
    "isTemplate": false,
    "count": 0,
    "lang": "id",
    "updated": 0
  },
  {
    "id": "1c5edb90-3894-4472-809b-59323d4c81b1",
    "data": [
      {
        "text": "hai apa kabarnya",
        "userDefined": false
      }
    ],
    "isTemplate": false,
    "count": 0,
    "lang": "id",
    "updated": 0
  }
]