[
  {
    "id": "59a03a75-04c7-4dbc-8039-563881e0630e",
    "data": [
      {
        "text": "kopi",
        "meta": "@sys.location",
        "alias": "location",
        "userDefined": false
      },
      {
        "text": " yang terlaris",
        "userDefined": false
      }
    ],
    "isTemplate": false,
    "count": 0,
    "lang": "id",
    "updated": 0
  },
  {
    "id": "9a38ced9-f0d5-4349-84bc-d289a958167f",
    "data": [
      {
        "text": "rasa",
        "meta": "@sys.color",
        "alias": "color",
        "userDefined": false
      },
      {
        "text": " ",
        "userDefined": false
      },
      {
        "text": "kopi",
        "meta": "@sys.location",
        "alias": "location",
        "userDefined": false
      }
    ],
    "isTemplate": false,
    "count": 0,
    "lang": "id",
    "updated": 0
  },
  {
    "id": "307ca2a8-57eb-4cba-8df6-d630045b5f09",
    "data": [
      {
        "text": "jenis ",
        "userDefined": false
      },
      {
        "text": "minuman kopi",
        "meta": "@sys.location",
        "alias": "location",
        "userDefined": false
      }
    ],
    "isTemplate": false,
    "count": 0,
    "lang": "id",
    "updated": 0
  }
]