[
  {
    "id": "93175b79-3bc7-4781-aeb9-7d15165087c8",
    "data": [
      {
        "text": "menu yang coffe panas atau yang lain ada?",
        "userDefined": false
      }
    ],
    "isTemplate": false,
    "count": 0,
    "lang": "id",
    "updated": 0
  },
  {
    "id": "2bb09827-6c1e-486a-aa37-c03b0ab4ea5b",
    "data": [
      {
        "text": "Menu yang panas ada?",
        "userDefined": false
      }
    ],
    "isTemplate": false,
    "count": 0,
    "lang": "id",
    "updated": 0
  },
  {
    "id": "efd4ab7f-26f8-455d-bd31-af9a6e8c3d54",
    "data": [
      {
        "text": "Menu Hot Drinks",
        "userDefined": false
      }
    ],
    "isTemplate": false,
    "count": 0,
    "lang": "id",
    "updated": 0
  }
]