[
  {
    "id": "093724e4-6923-4ef7-a1f8-3a6cb347dd85",
    "data": [
      {
        "text": "mie 2",
        "meta": "@sys.music-artist",
        "alias": "music-artist",
        "userDefined": false
      }
    ],
    "isTemplate": false,
    "count": 0,
    "lang": "id",
    "updated": 0
  },
  {
    "id": "09d93a6b-107c-44ca-b570-c93bfdd012aa",
    "data": [
      {
        "text": "mie ",
        "userDefined": false
      },
      {
        "text": "1",
        "meta": "@sys.number",
        "alias": "number",
        "userDefined": false
      }
    ],
    "isTemplate": false,
    "count": 0,
    "lang": "id",
    "updated": 0
  },
  {
    "id": "1173ac7b-7554-4322-86b5-d70fc03f346a",
    "data": [
      {
        "text": "mie",
        "meta": "@sys.geo-state",
        "alias": "geo-state",
        "userDefined": false
      }
    ],
    "isTemplate": false,
    "count": 0,
    "lang": "id",
    "updated": 0
  }
]