[
  {
    "id": "5ea0e160-949d-4f8d-8b41-1c26725796e1",
    "data": [
      {
        "text": "menu coffe apa saja?",
        "userDefined": false
      }
    ],
    "isTemplate": false,
    "count": 0,
    "lang": "id",
    "updated": 0
  },
  {
    "id": "4600d5e1-0a2f-41d1-90b4-bc53fd26a7f0",
    "data": [
      {
        "text": "menunya ada apa saja?",
        "userDefined": false
      }
    ],
    "isTemplate": false,
    "count": 0,
    "lang": "id",
    "updated": 0
  },
  {
    "id": "31dd0af0-96c1-4185-ba91-dd154998b0af",
    "data": [
      {
        "text": "Menu coffe",
        "meta": "@sys.location",
        "alias": "location",
        "userDefined": false
      },
      {
        "text": "?",
        "userDefined": false
      }
    ],
    "isTemplate": false,
    "count": 0,
    "lang": "id",
    "updated": 0
  },
  {
    "id": "3ac1aa99-5840-4fa4-a2a3-21844fa7c441",
    "data": [
      {
        "text": "Menu coffe ada apa saja?",
        "userDefined": false
      }
    ],
    "isTemplate": false,
    "count": 0,
    "lang": "id",
    "updated": 0
  }
]