[
  {
    "id": "cb05acad-fea5-4a59-b925-323428718006",
    "data": [
      {
        "text": "kentang ",
        "userDefined": false
      },
      {
        "text": "2",
        "meta": "@sys.number",
        "alias": "number",
        "userDefined": false
      }
    ],
    "isTemplate": false,
    "count": 0,
    "lang": "id",
    "updated": 0
  },
  {
    "id": "d088c5dc-a549-45c3-80c7-3f2eafa3912c",
    "data": [
      {
        "text": "kentang ",
        "userDefined": false
      },
      {
        "text": "1",
        "meta": "@sys.date-time",
        "alias": "date-time",
        "userDefined": false
      }
    ],
    "isTemplate": false,
    "count": 0,
    "lang": "id",
    "updated": 0
  },
  {
    "id": "626a071a-494a-45e9-960c-36f2ac601661",
    "data": [
      {
        "text": "kentang",
        "userDefined": false
      }
    ],
    "isTemplate": false,
    "count": 0,
    "lang": "id",
    "updated": 0
  }
]