[
  {
    "id": "11cc4e6b-7d83-4187-a061-c6d3367384ed",
    "data": [
      {
        "text": "Pesan Hot Chocolate",
        "userDefined": false
      }
    ],
    "isTemplate": false,
    "count": 0,
    "lang": "id",
    "updated": 0
  },
  {
    "id": "018b9bfd-2641-489d-8ba8-dbdd234a77f1",
    "data": [
      {
        "text": "Pesan Hot Matcha",
        "userDefined": false
      }
    ],
    "isTemplate": false,
    "count": 0,
    "lang": "id",
    "updated": 0
  },
  {
    "id": "104ad0f0-3394-4cf7-a5f7-4164929cadd3",
    "data": [
      {
        "text": "Pesan Cappucino",
        "userDefined": false
      }
    ],
    "isTemplate": false,
    "count": 0,
    "lang": "id",
    "updated": 0
  },
  {
    "id": "26cbe02d-9d80-47cc-bbc0-c470e3929364",
    "data": [
      {
        "text": "Pesan ",
        "userDefined": false
      },
      {
        "text": "Vietnam",
        "meta": "@sys.location",
        "alias": "location",
        "userDefined": false
      },
      {
        "text": " Drip ( ",
        "userDefined": false
      },
      {
        "text": "Kopi",
        "meta": "@sys.location",
        "alias": "location1",
        "userDefined": false
      },
      {
        "text": " Susu )",
        "userDefined": false
      }
    ],
    "isTemplate": false,
    "count": 0,
    "lang": "id",
    "updated": 0
  },
  {
    "id": "d2d57e7c-3549-4f58-aae4-ef67744d3091",
    "data": [
      {
        "text": "Pesan V60 ( Pahit )",
        "userDefined": false
      }
    ],
    "isTemplate": false,
    "count": 0,
    "lang": "id",
    "updated": 0
  }
]