[
  {
    "id": "e3294806-615b-42d5-8d8b-e260119157ea",
    "data": [
      {
        "text": "Pesan ",
        "userDefined": false
      },
      {
        "text": "gula",
        "meta": "@sys.last-name",
        "alias": "last-name",
        "userDefined": false
      },
      {
        "text": " ",
        "userDefined": false
      },
      {
        "text": "merah",
        "meta": "@sys.color",
        "alias": "color",
        "userDefined": false
      },
      {
        "text": " latte",
        "userDefined": false
      }
    ],
    "isTemplate": false,
    "count": 0,
    "lang": "id",
    "updated": 0
  },
  {
    "id": "8c2b30fb-9fd0-4a0c-a920-99c117ceb5b9",
    "data": [
      {
        "text": "Pesan hazelnut latte",
        "userDefined": false
      }
    ],
    "isTemplate": false,
    "count": 0,
    "lang": "id",
    "updated": 0
  },
  {
    "id": "33868a21-e4fe-4c2e-ba44-3c2045dddd05",
    "data": [
      {
        "text": "Pesan vanilla latte",
        "userDefined": false
      }
    ],
    "isTemplate": false,
    "count": 0,
    "lang": "id",
    "updated": 0
  },
  {
    "id": "6d6ace99-03a6-41a6-ae2f-d19645c0d920",
    "data": [
      {
        "text": "Pesan ",
        "userDefined": false
      },
      {
        "text": "irish",
        "meta": "@sys.language",
        "alias": "language",
        "userDefined": false
      },
      {
        "text": " latte",
        "userDefined": false
      }
    ],
    "isTemplate": false,
    "count": 0,
    "lang": "id",
    "updated": 0
  },
  {
    "id": "4a88bcb3-ea0f-45d2-a1c2-5019bae0d54b",
    "data": [
      {
        "text": "Pesan ",
        "userDefined": false
      },
      {
        "text": "yakuza",
        "meta": "@sys.last-name",
        "alias": "last-name",
        "userDefined": false
      },
      {
        "text": " latte",
        "userDefined": false
      }
    ],
    "isTemplate": false,
    "count": 0,
    "lang": "id",
    "updated": 0
  },
  {
    "id": "b2a0bfef-4ef3-4b54-b563-6e7f7f4663c7",
    "data": [
      {
        "text": "Pesan caramel latte ",
        "userDefined": false
      },
      {
        "text": "3",
        "userDefined": false
      }
    ],
    "isTemplate": false,
    "count": 0,
    "lang": "id",
    "updated": 0
  },
  {
    "id": "2b92e009-988e-48a0-a71f-688215105203",
    "data": [
      {
        "text": "Pesan caramel latte 2",
        "userDefined": false
      }
    ],
    "isTemplate": false,
    "count": 0,
    "lang": "id",
    "updated": 0
  },
  {
    "id": "ebb705c8-e718-4223-973f-f8e56d9cc769",
    "data": [
      {
        "text": "Pesan caramel latte 1",
        "userDefined": false
      }
    ],
    "isTemplate": false,
    "count": 0,
    "lang": "id",
    "updated": 0
  }
]