[
  {
    "id": "7f6a4bf9-5bca-4162-a9ea-2928f6fe4cf0",
    "data": [
      {
        "text": "menu yang ",
        "userDefined": false
      },
      {
        "text": "seger",
        "meta": "@sys.last-name",
        "alias": "last-name",
        "userDefined": false
      },
      {
        "text": "-",
        "userDefined": false
      },
      {
        "text": "seger",
        "meta": "@sys.last-name",
        "alias": "last-name",
        "userDefined": false
      },
      {
        "text": " ada?",
        "userDefined": false
      }
    ],
    "isTemplate": false,
    "count": 0,
    "lang": "id",
    "updated": 0
  },
  {
    "id": "7ae41eb1-f506-48e7-89f9-d1ccb1a8b277",
    "data": [
      {
        "text": "Menu ",
        "userDefined": false
      },
      {
        "text": "selain",
        "meta": "@sys.last-name",
        "alias": "last-name",
        "userDefined": false
      },
      {
        "text": " coffe ada?",
        "userDefined": false
      }
    ],
    "isTemplate": false,
    "count": 0,
    "lang": "id",
    "updated": 0
  },
  {
    "id": "030b472a-de86-4b29-adbd-583d19681587",
    "data": [
      {
        "text": "Menu Mocktail Ada?",
        "userDefined": false
      }
    ],
    "isTemplate": false,
    "count": 0,
    "lang": "id",
    "updated": 0
  }
]