[
  {
    "id": "b5136df2-2967-450f-8aa6-ff0b66aacd15",
    "data": [
      {
        "text": "Tanpa ",
        "userDefined": false
      },
      {
        "text": "Kopi",
        "meta": "@sys.location",
        "alias": "location",
        "userDefined": false
      }
    ],
    "isTemplate": false,
    "count": 0,
    "lang": "id",
    "updated": 0
  },
  {
    "id": "24f60f9c-ed74-4a16-9f05-1c3270e2c62c",
    "data": [
      {
        "text": "Menu Tanpa ",
        "userDefined": false
      },
      {
        "text": "Kopi",
        "meta": "@sys.location",
        "alias": "location",
        "userDefined": false
      }
    ],
    "isTemplate": false,
    "count": 0,
    "lang": "id",
    "updated": 0
  }
]