[
  {
    "id": "75bb57ba-a452-409d-9bd1-cb5d6d78236c",
    "data": [
      {
        "text": "Hola",
        "meta": "@sys.last-name",
        "alias": "last-name",
        "userDefined": false
      }
    ],
    "isTemplate": false,
    "count": 0,
    "lang": "id",
    "updated": 0
  },
  {
    "id": "dda69595-4f0a-4a14-b99f-1428e4f4f49b",
    "data": [
      {
        "text": "Hay",
        "meta": "@sys.last-name",
        "alias": "last-name",
        "userDefined": false
      }
    ],
    "isTemplate": false,
    "count": 0,
    "lang": "id",
    "updated": 0
  },
  {
    "id": "760d04ab-9754-4825-8830-c4b3037d61e8",
    "data": [
      {
        "text": "Hallo",
        "meta": "@sys.last-name",
        "alias": "last-name",
        "userDefined": false
      }
    ],
    "isTemplate": false,
    "count": 0,
    "lang": "id",
    "updated": 0
  }
]